{
  "best_model": {
    "name": "Lasso",
    "params": {
      "alpha": 0.001
    },
    "val_rmse": 0.5050551386770136,
    "evaluation": {
      "model_name": "Lasso (Best)",
      "evaluation_timestamp": "2025-11-16T14:35:14.405093",
      "primary_metrics": {
        "overall": {
          "rmse": 1.3023616330437036,
          "mae": 0.7212365689283046,
          "r2": 0.7186248826933485
        },
        "by_target": {
          "WVHT_1h": {
            "rmse": 0.2512724525973257,
            "mae": 0.18391420583262036,
            "r2": 0.923183783855953
          },
          "DPD_1h": {
            "rmse": 1.6237682947953231,
            "mae": 1.0382139429602029,
            "r2": 0.669330392134251
          },
          "WVHT_3h": {
            "rmse": 0.3388751611303938,
            "mae": 0.248739906107952,
            "r2": 0.860275249556427
          },
          "DPD_3h": {
            "rmse": 1.7940065383025106,
            "mae": 1.1767970820313005,
            "r2": 0.5961199065050189
          },
          "WVHT_6h": {
            "rmse": 0.44540880186738824,
            "mae": 0.32644693971903954,
            "r2": 0.7585750806730949
          },
          "DPD_6h": {
            "rmse": 1.9863103442424412,
            "mae": 1.3533073369187174,
            "r2": 0.5042648834353372
          }
        }
      },
      "surf_metrics": {
        "good_surf_1h": {
          "accuracy": 0.8623304652180254,
          "precision": 0.8704809808236403,
          "recall": 0.8388367161466223,
          "f1_score": 0.8543659364393705,
          "true_positives": 2769,
          "total_good_surf_days": 3301
        },
        "good_surf_3h": {
          "accuracy": 0.8423508823100482,
          "precision": 0.8459619582164016,
          "recall": 0.8221212121212121,
          "f1_score": 0.8338712156139542,
          "true_positives": 2713,
          "total_good_surf_days": 3300
        },
        "good_surf_6h": {
          "accuracy": 0.8111418987895581,
          "precision": 0.8056741915802319,
          "recall": 0.8005456198848135,
          "f1_score": 0.8031017181085601,
          "true_positives": 2641,
          "total_good_surf_days": 3299
        },
        "extreme_wave_1h": {
          "precision": 0.8855507868383404,
          "recall": 0.8359216745442268,
          "extreme_wave_days": 1481,
          "detected_extreme_days": 1398
        },
        "extreme_wave_3h": {
          "precision": 0.8480642804967129,
          "recall": 0.7839297771775827,
          "extreme_wave_days": 1481,
          "detected_extreme_days": 1369
        },
        "extreme_wave_6h": {
          "precision": 0.7875766871165644,
          "recall": 0.6934503713706954,
          "extreme_wave_days": 1481,
          "detected_extreme_days": 1304
        }
      },
      "confidence_intervals": {
        "confidence_level": 0.95,
        "n_bootstrap": 1000,
        "rmse_mean": 1.3022719703408956,
        "rmse_std": 0.015029932501756937,
        "ci_lower": 1.2740177839942588,
        "ci_upper": 1.3336049382775352,
        "ci_width": 0.05958715428327643
      }
    }
  },
  "all_models": {
    "Ridge": {
      "params": {
        "alpha": 2.6826957952797246
      },
      "val_rmse": 0.5067395869841371,
      "evaluation": {
        "model_name": "Ridge",
        "evaluation_timestamp": "2025-11-16T14:35:14.707956",
        "primary_metrics": {
          "overall": {
            "rmse": 1.313263255398219,
            "mae": 0.7284735870885282,
            "r2": 0.7164865864359188
          },
          "by_target": {
            "WVHT_1h": {
              "rmse": 0.2444198949178917,
              "mae": 0.17912874325600614,
              "r2": 0.9273164285396782
            },
            "DPD_1h": {
              "rmse": 1.6398497612299776,
              "mae": 1.0580562675431235,
              "r2": 0.6627481911114437
            },
            "WVHT_3h": {
              "rmse": 0.3339401316526721,
              "mae": 0.24530952034997663,
              "r2": 0.8643152319624228
            },
            "DPD_3h": {
              "rmse": 1.8138293248977062,
              "mae": 1.1965856720382,
              "r2": 0.5871452903685657
            },
            "WVHT_6h": {
              "rmse": 0.44405436092629413,
              "mae": 0.3240918810861407,
              "r2": 0.7600411433723359
            },
            "DPD_6h": {
              "rmse": 2.0001092061665866,
              "mae": 1.3676694382577181,
              "r2": 0.4973532332610593
            }
          }
        },
        "surf_metrics": {
          "good_surf_1h": {
            "accuracy": 0.857809537698702,
            "precision": 0.8675726927939317,
            "recall": 0.8315661920630112,
            "f1_score": 0.8491879350348028,
            "true_positives": 2745,
            "total_good_surf_days": 3301
          },
          "good_surf_3h": {
            "accuracy": 0.8411841913373195,
            "precision": 0.844285269386484,
            "recall": 0.8215151515151515,
            "f1_score": 0.8327445860850867,
            "true_positives": 2711,
            "total_good_surf_days": 3300
          },
          "good_surf_6h": {
            "accuracy": 0.8077876622429634,
            "precision": 0.8043010752688172,
            "recall": 0.793573810245529,
            "f1_score": 0.7989014342386329,
            "true_positives": 2618,
            "total_good_surf_days": 3299
          },
          "extreme_wave_1h": {
            "precision": 0.8747390396659708,
            "recall": 0.8487508440243079,
            "extreme_wave_days": 1481,
            "detected_extreme_days": 1437
          },
          "extreme_wave_3h": {
            "precision": 0.8440822111977321,
            "recall": 0.8041863605671843,
            "extreme_wave_days": 1481,
            "detected_extreme_days": 1411
          },
          "extreme_wave_6h": {
            "precision": 0.7864077669902912,
            "recall": 0.7110060769750168,
            "extreme_wave_days": 1481,
            "detected_extreme_days": 1339
          }
        },
        "confidence_intervals": {
          "confidence_level": 0.95,
          "n_bootstrap": 1000,
          "rmse_mean": 1.3129476771694668,
          "rmse_std": 0.014892610365649823,
          "ci_lower": 1.2848041030975286,
          "ci_upper": 1.3423953951417464,
          "ci_width": 0.05759129204421787
        }
      }
    },
    "ElasticNet": {
      "params": {
        "alpha": 0.01,
        "l1_ratio": 0.1
      },
      "val_rmse": 0.5093056116911853,
      "evaluation": {
        "model_name": "ElasticNet",
        "evaluation_timestamp": "2025-11-16T14:35:15.005771",
        "primary_metrics": {
          "overall": {
            "rmse": 1.3115221961434504,
            "mae": 0.730850799164623,
            "r2": 0.7139412222310999
          },
          "by_target": {
            "WVHT_1h": {
              "rmse": 0.2561326964836019,
              "mae": 0.18809342567124326,
              "r2": 0.9201834050727361
            },
            "DPD_1h": {
              "rmse": 1.6440859384437494,
              "mae": 1.05780460606679,
              "r2": 0.6610035145340345
            },
            "WVHT_3h": {
              "rmse": 0.3438175990493051,
              "mae": 0.2524997243653076,
              "r2": 0.8561698031356358
            },
            "DPD_3h": {
              "rmse": 1.8056452259792606,
              "mae": 1.192781898139431,
              "r2": 0.5908625320854617
            },
            "WVHT_6h": {
              "rmse": 0.44919934811746415,
              "mae": 0.32896366684106343,
              "r2": 0.7544484162364768
            },
            "DPD_6h": {
              "rmse": 1.9928810844599654,
              "mae": 1.3649614739038922,
              "r2": 0.5009796623222458
            }
          }
        },