{
  "overall": {
    "rmse": 0.6039245554523707,
    "mae": 0.41553815081630097,
    "r2": 0.6843296542076797
  },
  "by_target": {
    "WVHT_1h": {
      "rmse": 0.3821573590617644,
      "mae": 0.27517719912339905,
      "r2": 0.8844888572569765
    },
    "DPD_1h": {
      "rmse": 0.6763943648900588,
      "mae": 0.474926506949609,
      "r2": 0.5913516940945241
    },
    "WVHT_3h": {
      "rmse": 0.4335134456451982,
      "mae": 0.31069089362437374,
      "r2": 0.8513156027253732
    },
    "DPD_3h": {
      "rmse": 0.7218721841925028,
      "mae": 0.5066791748226389,
      "r2": 0.5344882640595294
    },
    "WVHT_6h": {
      "rmse": 0.5136405826958056,
      "mae": 0.3697693013759504,
      "r2": 0.7911940533425486
    },
    "DPD_6h": {
      "rmse": 0.7822631411947387,
      "mae": 0.5559858290018272,
      "r2": 0.45313945376712705
    }
  },
  "baseline_comparison": {
    "baseline_model": "Lasso",
    "baseline_rmse": 0.5050551386770136,
    "lstm_rmse": 0.6039245554523707,
    "improvement_percent": -19.575964920254936
  }
}