{
  "overall": {
    "rmse": 0.6392025690991048,
    "mae": 0.41827014643108645,
    "r2": 0.6558410180089084
  },
  "by_target": {
    "WVHT_1h": {
      "rmse": 0.44866455377830194,
      "mae": 0.2913124550086018,
      "r2": 0.8565320125085699
    },
    "DPD_1h": {
      "rmse": 0.6636933778844574,
      "mae": 0.4578329335734711,
      "r2": 0.5963610300774262
    },
    "WVHT_3h": {
      "rmse": 0.5311444582625168,
      "mae": 0.3364034527157955,
      "r2": 0.7989633406539991
    },
    "DPD_3h": {
      "rmse": 0.7183360408846211,
      "mae": 0.49403484686353816,
      "r2": 0.527106912529469
    },
    "WVHT_6h": {
      "rmse": 0.6382438172627521,
      "mae": 0.39541841810875833,
      "r2": 0.7097811663652511
    },
    "DPD_6h": {
      "rmse": 0.7773123509514752,
      "mae": 0.534618772316369,
      "r2": 0.44630164591873633
    }
  }
}