{
  "overall": {
    "rmse": 0.596521830040058,
    "mae": 0.3886792307228835,
    "r2": 0.6578497646204087
  },
  "by_target": {
    "WVHT_1h": {
      "rmse": 0.3602791869024695,
      "mae": 0.25060760354904205,
      "r2": 0.895591880976935
    },
    "DPD_1h": {
      "rmse": 0.6379934527123323,
      "mae": 0.4259586873426246,
      "r2": 0.5812172439655974
    },
    "WVHT_3h": {
      "rmse": 0.4496456704317943,
      "mae": 0.3020155386167967,
      "r2": 0.8374064922674018
    },
    "DPD_3h": {
      "rmse": 0.7077619405809142,
      "mae": 0.47265418277346694,
      "r2": 0.48461365662959766
    },
    "WVHT_6h": {
      "rmse": 0.5545310226206255,
      "mae": 0.36238258461802236,
      "r2": 0.752766789054059
    },
    "DPD_6h": {
      "rmse": 0.7665377848126846,
      "mae": 0.5184567874373441,
      "r2": 0.3955025248288593
    }
  },
  "baseline_comparison": {
    "baseline_model": "Ridge",
    "baseline_rmse": 0.5558631496283675,
    "lstm_rmse": 0.596521830040058,
    "improvement_percent": -7.3145126527767905
  }
}